,Tissue,Expected,Observed,Fold Change,Q value
0,rectum(WBbt:0005773),5.610250297973778,13.0,2.317187168047589,0.06673429194512127
1,rectal gland cell(WBbt:0005799),2.7783075089392133,9.0,3.2393822393822393,0.05112598217422751
