Age Beta< -2cted,Observed,Fold Change,Q value
0,intestine(WBbt:0005772),64.40683353198251,103.0,1.5992091887090407,3.0017843255312633e-10
1,digestive tract(WBbt:0005743),82.56177989670242,108.0,1.3081113335386512,5.244562155796508e-05
2,alimentary system(WBbt:0005748),84.53396901072706,109.0,1.2894224804015566,6.864551901164797e-05
