Genotype Beta> 2,Observed,Fold Change,Q value
0,blast cell(WBbt:0006783),2.1740166865315853,9.0,4.139802631578947,0.0031907783420886985
1,ciliated neuron(WBbt:0006816),7.628128724672228,15.0,1.9664062500000001,0.044219854796283715
2,posterior lateral left ganglion(WBbt:0005464),1.5733015494636473,6.0,3.8136363636363635,0.024761118886879933
3,dopaminergic neuron(WBbt:0006746),0.9821215733015494,6.0,6.109223300970874,0.0031907783420886985
4,muscle of the reproductive system(WBbt:0005786),2.231227651966627,7.0,3.1372863247863245,0.035336148219085886
5,male-specific(WBbt:0005757),1.8307508939213348,8.0,4.369791666666667,0.0031907783420886985
6,post-embryonic cell(WBbt:0007030),2.0119189511323006,9.0,4.4733412322274875,0.0031907783420886985
