Age::Genotype Beta> 0rved,Fold Change,Q value
0,excretory cell(WBbt:0005812),18.67302344060389,38.0,2.035021276595745,0.00020325950615428915
1,digestive tract(WBbt:0005743),142.66189908621374,194.0,1.3598585273476664,1.9476124504151213e-12
2,alimentary system(WBbt:0005748),146.06972586412397,197.0,1.348670977744232,1.9476124504151213e-12
3,intestine(WBbt:0005772),111.29121970599921,174.0,1.5634656575753247,6.526860248792575e-16
4,excretory system(WBbt:0005736),20.773738577671832,38.0,1.8292326081759502,0.0015648256966697897
5,hypodermis(WBbt:0005733),69.510329757648,90.0,1.294771587385508,0.02392257918101805
6,excretory secretory system(WBbt:0006850),22.500993245927692,41.0,1.8221417851152115,0.0011255941594532869
7,pharynx(WBbt:0003681),84.54211362733412,112.0,1.3247835332542266,0.0015648256966697897
