,Tissue,Expected,Observed,Fold Change,Q value,Enrichment Fold Change
0,intestine(WBbt:0005772),87.89051383399209,110.0,1.25155713855,0.04961509037885583,1.2515571385527269
1,hmc(WBbt:0004697),2.2422924901185772,9.0,4.01374933897,0.014335781803035375,4.013749338974088
2,coelomocyte(WBbt:0005751),6.39604743083004,29.0,4.53405017921,2.9871911969357636e-10,4.534050179211469
3,pharynx(WBbt:0003681),67.01146245059289,89.0,1.32813099051,0.04961509037885583,1.3281309905095582
4,coelomic system(WBbt:0005749),6.543083003952569,29.0,4.43216141114,2.9871911969357636e-10,4.432161411139302
