,Tissue,Expected,Observed,Fold Change,Q value,Enrichment Fold Change
0,coelomocyte(WBbt:0005751),1.6162055335968382,8.0,4.94986549279,0.01665127188387066,4.949865492785522
1,coelomic system(WBbt:0005749),1.6533596837944664,8.0,4.83863256036,0.01665127188387066,4.838632560363376
