,Tissue,Expected,Observed,Fold Change,Q value,Enrichment Fold Change
0,hypodermal cell(WBbt:0007846),42.17549407114625,78.0,1.84941520468,9.745431819839395e-07,1.8494152046783625
1,syncytium(WBbt:0008074),27.993675889328063,53.0,1.89328476223,0.0001171243359032902,1.8932847622274935
2,hyp7 syncytium(WBbt:0005734),9.06403162055336,30.0,3.30978545264,1.5463168191197977e-07,3.3097854526425956
3,epithelial cell(WBbt:0003672),63.5098814229249,100.0,1.57455812796,2.384690733923786e-05,1.5745581279561862
4,seam cell(WBbt:0005753),32.49486166007905,54.0,1.66180119691,0.004299004919419811,1.661801196905561
5,epithelial system(WBbt:0005730),102.60237154150197,182.0,1.77383814103,1.5293708775199682e-19,1.7738381410256412
6,hypodermis(WBbt:0005733),92.49011857707511,177.0,1.91371794872,1.4346430535188122e-22,1.9137179487179485
