,Tissue,Expected,Observed,Fold Change,Q value,Enrichment Fold Change
0,digestive tract(WBbt:0005743),119.60158102766799,173.0,1.44646917301,4.421759532689257e-16,1.4464691730118442
1,intestine(WBbt:0005772),93.08833992094861,166.0,1.7832523401,4.303925522234053e-26,1.7832523400993998
2,body region(WBbt:0005738),165.85375494071147,184.0,1.10941111985,0.0028480286761171547,1.109411119849384
3,alimentary system(WBbt:0005748),122.44367588932806,176.0,1.43739559207,1.3755515832927378e-16,1.4373955920686288
4,intestinal cell(WBbt:0005792),5.178063241106719,17.0,3.28308079844,0.0005146855272055391,3.2830807984428074
