,Tissue,Expected,Observed,Fold Change,Q value,Enrichment Fold Change
0,muscular system(WBbt:0005737),230.94229249011858,273.0,1.18211349275,0.009628668558207272,1.182113492753524
1,intestine(WBbt:0005772),298.6387351778656,411.0,1.37624477868,9.484322270150268e-20,1.376244778679542
2,digestive tract(WBbt:0005743),383.6964426877471,490.0,1.2770511933,9.484322270150268e-20,1.2770511933016875
3,alimentary system(WBbt:0005748),392.8142292490118,499.0,1.27032058119,9.484322270150268e-20,1.2703205811917653
4,epithelial system(WBbt:0005730),207.83557312252964,245.0,1.17881648612,0.03207385487915271,1.1788164861246349
5,pharynx(WBbt:0003681),227.69486166007903,285.0,1.25167514946,3.665959877804191e-05,1.2516751494615221
6,body wall musculature(WBbt:0005813),155.25217391304346,204.0,1.31399126246,0.00014481216920175666,1.3139912624621934
7,hypodermis(WBbt:0005733),187.3517786561265,236.0,1.25966244726,0.0003988688481822763,1.2596624472573839
