,Tissue,Expected,Observed,Fold Change,Q value,Enrichment Fold Change
0,coelomocyte(WBbt:0005751),6.39604743083004,29.0,4.53405017921,2.848654793599612e-10,4.534050179211469
1,pharynx(WBbt:0003681),67.01146245059289,89.0,1.32813099051,0.047314100680126286,1.3281309905095582
2,intestine(WBbt:0005772),87.89051383399209,110.0,1.25155713855,0.047314100680126286,1.2515571385527269
3,coelomic system(WBbt:0005749),6.543083003952569,29.0,4.43216141114,2.848654793599612e-10,4.432161411139302
4,hmc(WBbt:0004697),2.2422924901185772,9.0,4.01374933897,0.013670933951300401,4.013749338974088
