,Tissue,Expected,Observed,Fold Change,Q value,Enrichment Fold Change
0,syncytium(WBbt:0008074),27.993675889328063,53.0,1.89328476223,0.00013403097917280858,1.8932847622274935
1,hypodermal cell(WBbt:0007846),42.17549407114625,78.0,1.84941520468,1.2391293019235404e-06,1.8494152046783625
2,epithelial cell(WBbt:0003672),63.5098814229249,100.0,1.57455812796,2.8426204763077017e-05,1.5745581279561862
3,seam cell(WBbt:0005753),32.49486166007905,54.0,1.66180119691,0.004782902574600882,1.661801196905561
4,epithelial system(WBbt:0005730),102.60237154150197,182.0,1.77383814103,2.916887064951128e-19,1.7738381410256412
5,hyp7 syncytium(WBbt:0005734),9.06403162055336,30.0,3.30978545264,2.2119053630017976e-07,3.3097854526425956
