,Tissue,Expected,Observed,Fold Change,Q value,Enrichment Fold Change
0,intestinal cell(WBbt:0005792),5.178063241106719,17.0,3.28308079844,0.0004908160534800648,3.2830807984428074
1,alimentary system(WBbt:0005748),122.44367588932806,176.0,1.43739559207,1.311757886676263e-16,1.4373955920686288
2,digestive tract(WBbt:0005743),119.60158102766799,173.0,1.44646917301,4.2166924239268567e-16,1.4464691730118442
3,intestine(WBbt:0005772),93.08833992094861,166.0,1.7832523401,4.104323179173923e-26,1.7832523400993998
