,Tissue,Expected,Observed,Fold Change,Q value,Enrichment Fold Change
0,PVDL(WBbt:0004090),3.776284584980237,12.0,3.17772660666,0.047248758213433786,3.177726606656898
1,PVD(WBbt:0006831),3.776284584980237,12.0,3.17772660666,0.047248758213433786,3.177726606656898
2,PVDR(WBbt:0004088),3.776284584980237,12.0,3.17772660666,0.047248758213433786,3.177726606656898
